15.931273851759062,13.126222133691996,12.157700551601268,8.16935369528412,4.499247843322526,2.720255185466479,1.1269818078927745,0.704762813830468,0.628097629856587,0.5522782446488915,0.5429297757442191,0.5156568043472164,0.5070453258573412,0.49859614718148426,0.3719915694408271,0.36178134418990626,0.35421429961916007,0.3270465647867759,0.305892373118189,0.2795479420734325,0.2548857404640948,0.25101495506979,0.24695317194576719,0.2462863961348117,0.05704644401400129,0.05621010496156989,0.04059797117186369,0.020217545141601453,0.019077682011842293,0.007664068912039763,0.007475477056641146,0.007393363608198076,0.006949002442210368,0.0021016815924035726,0.001213819576207733,0.0010141935849478933,0.0009873167035303787,0.0008256443995639984,0.0003059795237707874,0.0001954950924208454,0.0001905816892716494,0.00018284511845459761,0.00014044364058193537,0.00011017632330137417,8.695719847811035e-05,8.337160637584163e-05,7.533822257968837e-05,3.0673316674292294e-05,2.1619602313993624e-05,1.1734436856229991e-05,6.52108401368423e-06,3.7537641273743817e-06,2.9825548866391216e-06,2.071410737123358e-06,1.3290661784992607e-06,7.235186997256449e-07,7.172441565472809e-07,7.172441565472809e-07,7.172441565472809e-07,7.172441565472809e-07,7.172441565472809e-07,7.172441565472809e-07,7.172441565472809e-07,7.172441565472809e-07,7.172441565472809e-07,7.172441565472809e-07,7.172441565472809e-07,7.172441565472809e-07,7.172441565472809e-07,7.172441565472809e-07,7.172441565472809e-07,7.172441565472809e-07,7.172441565472809e-07,1.0981398041565171e-07,1.0981398041565171e-07,1.0981398041565171e-07
13.490690350200394,11.006823607811707,10.249717937139978,8.340684051411374,6.4187713424612,3.6766976920257126,3.1440833925288163,0.5948763117019108,0.5275175992704113,0.4609116459531907,0.44940037974691105,0.4380518438268797,0.43092474777188206,0.41065396217167127,0.28828905722677867,0.27871837950088135,0.26866194502878943,0.24408406319301446,0.21834665394737982,0.19428834411657914,0.1923825040028139,0.19116999278534308,0.19034246899233756,0.18940002929411334,0.05023769382264304,0.032128145533715936,0.032094773297367284,0.00990237198180063,0.009166487866277447,0.006253979895226838,0.005916323667379153,0.005667098030942679,0.005603410785657772,0.005528045579978649,0.005472220407521178,0.005401663810422441,0.0053264253618852744,0.002026771958241866,0.0011737417671098527,0.0005327955227936343,0.00047079816280309216,0.0003415794202464184,0.00022502759593221456,0.00021916665204727793,0.00012372802904502933,0.00010717305985847858,9.1706821448021e-05,7.27108387168407e-05,6.167293746090152e-05,1.2793673155062634e-05,8.762549473271264e-06,6.577559361016227e-06,6.239331498765211e-06,5.8910636986198024e-06,5.890436132833799e-06,5.890436132833799e-06,5.797564199276906e-06,5.791289656098542e-06,3.6753262068955906e-06,3.4839353623894454e-06,3.2166157458668464e-06,3.2166157458668464e-06
13.056006659395303,10.352212186353688,9.487753652948888,7.771626685722974,5.44540978766393,4.812106031131791,2.6073272095110323,0.5357983417126226,0.5165723928931056,0.4552233092189256,0.3945600193010055,0.3813335273014237,0.3682654514556474,0.2628147942996806,0.2482831888039458,0.24087436836970938,0.2183704955628434,0.19683909759332033,0.17656797690196152,0.17457644088547986,0.17253688466534037,0.17209221288215562,0.16879982165195295,0.16762899153036934,0.16697150286818227,0.05816292612145526,0.03759211167546324,0.011205702094274662,0.010005079053901475,0.006760811565679195,0.006208878242548241,0.005878846887725153,0.005586021228659508,0.005533895227679437,0.0054032915722774,0.0053699933808887225,0.004964757463851548,0.004846602978084462,0.00411232905368891,0.0017229987607053764,0.0010528124328963884,0.00028534385766407764,0.0002672464688813747,0.0002126493334283097,0.00019400914928670686,0.00018415347719152208,6.618787200579846e-05,5.863202452957239e-05,4.4929716373456327e-05,3.820845670894357e-05,1.1531123376471442e-05,7.312374244889952e-06,5.269201738773432e-06,3.2166157458668464e-06,6.789659876460519e-07,2.679471823086033e-07,-6.551207171412443e-07,-7.674449607009137e-07,-7.674449607009137e-07,-7.674449607009137e-07,-7.674449607009137e-07,-7.674449607009137e-07,-7.674449607009137e-07,-7.674449607009137e-07,-7.969372085980808e-07,-7.969372085980808e-07,-7.969372085980808e-07,-7.969372085980808e-07,-7.969372085980808e-07,-7.969372085980808e-07,-7.969372085980808e-07,-7.969372085980808e-07,-7.969372085980808e-07,-7.969372085980808e-07,-7.969372085980808e-07,-7.969372085980808e-07,-7.969372085980808e-07,-7.969372085980808e-07,-7.969372085980808e-07,-7.969372085980808e-07,-7.969372085980808e-07,-7.969372085980808e-07,-7.969372085980808e-07,-7.969372085980808e-07,-7.969372085980808e-07,-7.969372085980808e-07,-7.969372085980808e-07,-7.969372085980808e-07,-7.969372085980808e-07
13.931891526783232,10.60517562523433,9.469171219399504,7.510864071890546,4.959772815104901,4.203326671876019,2.3063522181062504,0.5193710410574074,0.4937720203560987,0.43631271868763516,0.4220723248955584,0.365260639901591,0.3511777611591079,0.3443065203845239,0.25088381300976015,0.24458929408582597,0.22358759487726898,0.21850339025805807,0.2012341575525942,0.19652441889864725,0.1822609936060823,0.16881886846305408,0.16815503692881634,0.0772729330570973,0.05009199855104965,0.012169683583343503,0.012108277965499124,0.012042091975076,0.010827683795665717,0.010145439234921963,0.006830111259976732,0.00640381610671179,0.006009180715476887,0.005924894199556814,0.005787131281470809,0.0056978303332274475,0.005338519990291584,0.005140870027572166,0.004410790380586587,0.004129701668640315,0.0020417148547181084,0.0014529630093645452,0.0003147903913508543,0.0002900470452245507,0.00018886105771249715,0.00018012674535555106,7.046623542832365e-05,5.928651768092763e-05,2.4600274503274734e-05,2.0609310573060923e-05,1.5031374334615321e-05,1.0594251259092858e-05,1.0447414241347985e-05,8.274974330131357e-06,4.05371493540585e-06,3.6012801322371502e-06,3.1275103217076606e-06,2.7786149557762486e-06,2.777987389990244e-06,2.777987389990244e-06,2.777987389990244e-06,2.777987389990244e-06,2.538906004474484e-06,2.275979348453916e-06,2.275979348453916e-06
15.775800052096345,11.490594371279359,10.00150419298688,7.698262302241557,4.767240654987492,3.8441506193115824,2.1514203599250563,0.5550109220599999,0.5294504605934633,0.5114237153864707,0.498882148669014,0.4420997175649866,0.4297050798031051,0.3735628977791132,0.2853089187392833,0.24316148920678776,0.2341730642048035,0.2117536115742232,0.20871932587470013,0.20199874272053128,0.20009592908679896,0.19376911975295386,0.19286762696441342,0.19208523494612953,0.1915124243652432,0.11064019874251926,0.06998908500450607,0.013182822324953065,0.01210642367357437,0.01142752876249098,0.008104489316016093,0.00762079080279177,0.0075181113413561465,0.006853054907942937,0.006733523039005238,0.006607983388050176,0.006149449908375857,0.00589185705324148,0.005028793604502386,0.004921653174720735,0.004800573864545914,0.004738467945706528,0.0027275958348193896,0.002197150963899972,0.00035264618729915044,0.0003224014612722037,0.0001901863584962804,9.680408576697275e-05,8.216553194458243e-05,4.040097649594898e-05,2.938064596733625e-05,2.310868327706217e-05,1.8685993099936126e-05,1.6823543934645356e-05,4.001631433894204e-06,2.8219125362838325e-06,2.3042175794607544e-06,2.30359001367475e-06,2.30359001367475e-06,2.30359001367475e-06,2.30359001367475e-06,-1.2430963539067363e-06,-1.364834084256472e-06,-1.5668924324430123e-06,-1.5668924324430123e-06,-1.5668924324430123e-06,-1.5668924324430123e-06,-1.5668924324430123e-06,-1.5668924324430123e-06,-1.5668924324430123e-06,-1.5668924324430123e-06,-1.5668924324430123e-06,-1.5668924324430123e-06,-1.5668924324430123e-06,-1.777735586951934e-06,-1.777735586951934e-06
18.463636524778664,12.872244428435463,10.98831796077855,8.245181777780019,4.782050661569453,3.648334947857099,2.0993955000520694,0.6381483213571297,0.6103857177131893,0.5887197244956536,0.5758120383241891,0.563029857289791,0.508327477507235,0.4542407095082883,0.3849347990345344,0.2895276992168283,0.2771516439097242,0.25300335290956094,0.2488774621090758,0.24729614318431198,0.24626229975216202,0.24544420492441638,0.24404183616393943,0.24271938456672384,0.13492643840352095,0.02900352475005274,0.027698559974729465,0.027654661885104303,0.024765503561413632,0.021902304698218415,0.013403949946191264,0.007081896509859255,0.006573404448589794,0.006026395824792185,0.005731175587591349,0.005563541310565938,0.00531709554310213,0.005087321462028936,0.004896885982209245,0.004831265378398637,0.0018664513117075997,0.0015977778853025625,0.0015617305734353692,0.0015392889335107008,0.0014137455171609225,0.0013502339746905535,0.00019524722734368894,0.00015888176749003334,0.00015574672749357532,0.00011934361703680452,0.00010119602856462961,9.933357828465716e-05,8.916854412401421e-05,6.808609019152811e-05,4.630396282982119e-05,3.439382315905348e-05,2.7147337748285593e-05,1.573544072433819e-05,1.5591113969737334e-05,1.3440636631667502e-05,1.0794426909921383e-05,7.283508448097109e-06,7.2414659991615335e-06,6.917671035306938e-06,6.917671035306938e-06,6.103790665168418e-06,5.358308277614299e-06,4.5689007437665905e-06,4.519955071184967e-06,4.3593127208296776e-06,3.679091601611617e-06,3.56425709490793e-06,3.4029871787666365e-06,3.351531243040995e-06,2.562751274979291e-06,2.562751274979291e-06
23.92709020184954,20.075635765862614,13.518622296203832,9.175422764304157,5.031164226826321,3.584468113339719,2.139049828587992,0.7757240373271521,0.7433826174591045,0.7255087186280339,0.7124001665045554,0.699415667461332,0.6461478759409179,0.5934803736637771,0.4890699323042589,0.47493850185782854,0.3671858644267538,0.36148495552999194,0.3355735710179786,0.3339003990623148,0.3330847333265932,0.3324502893404318,0.19448221521365444,0.1886947977878229,0.05333740999026378,0.0476479782506795,0.047413076785473664,0.04599058001390894,0.02775209096954537,0.024296342571722924,0.020872692565401075,0.009970382770785928,0.009494198690154682,0.009040727333344663,0.008769582144900845,0.008561519909394733,0.008365441859634046,0.00824290547212188,0.00817051717323732,0.0037988501589039103,0.0037241595262519312,0.0008554228876845293,0.0008315185212157594,0.0007604436015944138,0.000740689586274641,0.0007344082112122585,0.0005750438891053733,0.00041376628946325765,0.0004104078549965706,0.0003048744785136215,0.00027419928025665283,0.00010526794067846623,7.217494546690517e-05,6.363641691496724e-05,4.890624740527372e-05,3.62638031137763e-05,1.8856675388185805e-05,1.3126254039921292e-05,1.098017077703517e-05,7.215738031298713e-06,5.713479301405755e-06,4.489834142820115e-06,4.353037062969634e-06,3.817143813034107e-06,3.772589986272834e-06,3.772589986272834e-06,3.772589986272834e-06,3.772589986272834e-06,3.772589986272834e-06,3.772589986272834e-06,2.6757030843249653e-06,2.6757030843249653e-06,2.6757030843249653e-06,2.6757030843249653e-06,2.6757030843249653e-06,2.6750755185389606e-06,2.6750755185389606e-06,2.6750755185389606e-06,2.6757030843249653e-06,2.6757030843249653e-06,2.6750755185389606e-06,2.6750755185389606e-06,2.6757030843249653e-06,2.6757030843249653e-06,2.6757030843249653e-06,2.6750755185389606e-06,2.6750755185389606e-06,2.6750755185389606e-06,2.6750755185389606e-06,2.6750755185389606e-06,2.6750755185389606e-06,2.6750755185389606e-06,2.6750755185389606e-06,1.3635789526844632e-06,1.3635789526844632e-06,1.3635789526844632e-06,1.3635789526844632e-06,1.3635789526844632e-06,1.3635789526844632e-06,1.3635789526844632e-06,1.3635789526844632e-06,1.3635789526844632e-06,1.3635789526844632e-06,1.3635789526844632e-06,1.3635789526844632e-06,1.3635789526844632e-06,1.3635789526844632e-06,1.3635789526844632e-06,1.3635789526844632e-06,1.3635789526844632e-06,1.3635789526844632e-06,1.3635789526844632e-06,1.3635789526844632e-06,1.3635789526844632e-06,1.3635789526844632e-06,1.3635789526844632e-06,1.3635789526844632e-06,1.3635789526844632e-06,1.3635789526844632e-06,1.3635789526844632e-06,1.3635789526844632e-06,1.3635789526844632e-06,1.3635789526844632e-06,1.3635789526844632e-06,1.3635789526844632e-06,1.3635789526844632e-06,1.3635789526844632e-06,1.3635789526844632e-06,1.3635789526844632e-06,1.3635789526844632e-06,1.3635789526844632e-06,2.7610442284498047e-07,2.7610442284498047e-07,2.7610442284498047e-07,2.7610442284498047e-07
26.47263937189051,16.893273437529345,14.222533957980364,12.009087214600706,8.725186381848864,3.658016899420766,2.286250366982332,0.9930134172446091,0.9600455635564914,0.9455511694034915,0.9323394069458536,0.9192506860215984,0.8669035250900622,0.8151472282019341,0.6727594586999249,0.6570366001434663,0.5274984859429103,0.521063688413705,0.49281561918734235,0.491337351209519,0.490132695161652,0.4860612734854611,0.48222087902663513,0.2826779268123507,0.28038929116634137,0.08471541375474048,0.04628774239332712,0.044629775632115114,0.040601816552793046,0.036615393615037774,0.01540270483741848,0.014666437313755179,0.014242819117591453,0.014232838571051669,0.013839642061090363,0.01376361043850995,0.006407929433708777,0.006235767673052113,0.0010961984734274388,0.0009937649966009765,0.0008774083274113131,0.0008297075268715126,0.0008028457059181804,0.0007669973145702435,0.0006971749047895948,0.000651064214386956,0.0005325413809439361,0.0004364620701229427,0.0003375633559141278,0.0003106249797376748,0.00029343873621916927,0.00014932478884194467,7.430408668293253e-05,5.971761636205386e-05,4.983809899636427e-05,3.959337066898883e-05,3.325238243034434e-05,2.5496985754394074e-05,2.053651962997449e-05,1.6365459924720938e-05,9.885164343081954e-06,9.610315051808981e-06,9.37374392943724e-06,6.563126462619806e-06,5.158759077890096e-06,4.568899629084911e-06,3.6464604101027475e-06,3.3785132277941444e-06,2.6694274264649207e-06,1.3322028927476025e-06,1.3322028927476025e-06,1.3322028927476025e-06,1.3322028927476025e-06,1.3322028927476025e-06,-4.769076394595118e-07,-4.769076394595118e-07,-4.769076394595118e-07,-4.769076394595118e-07,-4.769076394595118e-07,-4.769076394595118e-07,-4.769076394595118e-07,-4.769076394595118e-07,-4.769076394595118e-07,-4.769076394595118e-07,-4.769076394595118e-07,-4.769076394595118e-07,-4.769076394595118e-07,-4.769076394595118e-07,-4.769076394595118e-07,-4.769076394595118e-07,-4.769076394595118e-07,-4.769076394595118e-07,-4.769076394595118e-07,-4.769076394595118e-07,-4.769076394595118e-07,-4.769076394595118e-07,-4.769076394595118e-07,-4.769076394595118e-07,-4.769076394595118e-07,-4.769076394595118e-07,-4.769076394595118e-07,-4.769076394595118e-07,-4.769076394595118e-07,-4.769076394595118e-07,-4.769076394595118e-07,-4.769076394595118e-07,-4.775352052455162e-07
31.95036070492572,19.41652626299063,15.946431694037045,13.542543766184446,9.868310335422,3.909895926975904,2.5867622177307563,1.3401808617692261,1.3092165182433975,1.2958689958804284,1.2826452875140992,1.2710579382315328,1.2192135219956417,1.1679554511043335,0.9820450551210511,0.816709704884208,0.7988343728210706,0.7922802611670765,0.760255325339954,0.7461661965984685,0.7328733931064533,0.4434813546495944,0.4413994408778432,0.15870434225264302,0.15723427081122934,0.1561208584825035,0.08002297555125297,0.03637473349025267,0.03465818365018368,0.029950387767134552,0.02530867621665399,0.024246700882982673,0.024223094584624575,0.023728167407980276,0.02313937916715517,0.023031515218673793,0.010381303928893502,0.0012721936946075729,0.0011361470162349007,0.0010276976001505388,0.0009225846548450356,0.0008430038367485792,0.0007608464631592149,0.0006858458397613099,0.000667878973515279,0.0006579448623849338,0.0006323230021859416,0.0005191860865710751,0.00048034886467863914,0.00039955946300246125,0.00038833895682301997,0.0003614313280260362,0.0002889558052999952,0.000171898207549539,0.00015314946344441082,0.00014882529217823403,0.00014043736603875701,0.00011503387866902415,8.571598370687994e-05,7.320092412312463e-05,4.5535263852229945e-05,4.432605159204073e-05,3.757216185070078e-05,3.259161473581074e-05,3.118724735108103e-05,2.9206198284370542e-05,2.574108766619787e-05,1.6352283272578204e-05,1.2974397610570065e-05,1.1594503062131166e-05,8.728664264872066e-06,7.092746284058648e-06,4.231300447301578e-06,3.0446794407268383e-06,3.044051874940834e-06,3.044051874940834e-06,3.0446794407268383e-06,3.0446794407268383e-06,3.044051874940834e-06,3.044051874940834e-06,3.0446794407268383e-06,3.044051874940834e-06,3.044051874940834e-06,3.044051874940834e-06,3.044051874940834e-06,3.044051874940834e-06,2.048193032404555e-06,2.048193032404555e-06
38.49557079745305,22.13564677169709,17.667034880228947,15.20533960730542,11.258478936837093,4.42855959107021,3.1298393566681755,1.9071998804497472,1.8797235788694808,1.8663703882086027,1.8531414508014012,1.8014525779806385,1.7503496984701492,1.7409140477185117,1.4979385066676638,1.2700130788595854,1.2510764592135706,1.2235164415245232,1.197619607087359,1.1512142630446764,1.1447982249259652,0.7137005410452422,0.2943893956926868,0.2904612979265441,0.14715720443731076,0.14587975283714855,0.05554309195304095,0.054846912905979206,0.04920821723288865,0.04366001289332807,0.041771049033450074,0.04169648390280848,0.04015382210416206,0.03950788464522727,0.038605531540907255,0.017282561645417777,0.0017157491374656785,0.0014765598953505332,0.001251762595997512,0.0010726624568639664,0.0009425313150262049,0.0008552948754110012,0.0007559430999479132,0.0006856713920783442,0.0006780345953038136,0.0005635228056667962,0.0004870845572415483,0.0004360930948812225,0.00039000311303484026,0.00037274156831010427,0.00025102659084282666,0.0002177855034819487,0.00018600149457309812,0.00014008596040968158,0.0001154907053180132,8.329442247225316e-05,7.255709959013146e-05,6.335403794894389e-05,5.06657846991132e-05,2.620481753883297e-05,2.1754516696486092e-05,1.8453187372280412e-05,1.6477157717176282e-05,1.5968247566675585e-05,1.576430652113103e-05,1.4981801096247694e-05,1.4910892850519275e-05,1.3289406653420599e-05,5.239708376194585e-06,2.8501507672906713e-06,2.8495232015046667e-06,2.1347893081014034e-06,1.9998749256089355e-06,1.7394585327323853e-06,7.184992881192897e-07,4.555726320987219e-07,4.555726320987219e-07
46.10810719027126,24.885833983988814,19.23899687864371,16.895830377000067,12.888486769891472,5.374196404921596,4.072569569927806,2.8483341870591614,2.825032190558682,2.8117049116677584,2.798503398330294,2.746690638719718,2.69546700557783,2.6877094565006012,2.3569307709682694,2.0164630135164363,1.9965313625586472,1.9470570032745684,1.900570581174471,1.826555117161957,1.1664825332764326,0.5206436432605572,0.514979921860145,0.2620044209822878,0.2590621803331897,0.0843542528841599,0.08338676988900134,0.07601221338295308,0.06879069527123725,0.0684369070156436,0.06651253213875666,0.06434536987745126,0.06424050919241278,0.06328666763598782,0.061936439936955134,0.028307561566671798,0.0038145140627020525,0.002713538355639482,0.0024493949231288426,0.0021070242126512186,0.0020263019538260527,0.001055810675812996,0.0010231431323051688,0.0008564620441075732,0.0008243065485791767,0.0007472263583182937,0.0007026373800702323,0.0006890066077256307,0.00048242717863940856,0.00043212283839258345,0.00041374746360435923,0.00035150851196515733,0.00030791225473070227,0.00023634913128574907,0.00018187938054042618,0.0001508960753495714,0.00013251881674930744,0.00012169301489413087,5.239896757398554e-05,4.6886920169662e-05,3.321159399829909e-05,2.604856814897971e-05,2.5207077113620358e-05,2.230609797639005e-05,2.0872864794867494e-05,1.886295104604585e-05,1.788089753611999e-05,1.219816672886509e-05,1.0360190399865132e-05,9.18172663382677e-06,8.754392232734886e-06,8.151355017105288e-06,6.4664902490285665e-06,6.093122046806343e-06,5.876630800223381e-06,5.260416932451051e-06,4.316641591426418e-06,4.316641591426418e-06,4.316641591426418e-06,4.316641591426418e-06,4.316641591426418e-06,3.475778121853068e-06,3.475778121853068e-06,3.254895029449756e-06,3.254895029449756e-06,3.254895029449756e-06,3.254895029449756e-06,3.254895029449756e-06,3.254895029449756e-06,3.254895029449756e-06,3.254895029449756e-06,3.254895029449756e-06,3.254895029449756e-06,3.254895029449756e-06,3.254895029449756e-06,3.254895029449756e-06,3.254895029449756e-06,3.254895029449756e-06,3.254895029449756e-06,3.254895029449756e-06,3.254895029449756e-06,3.254895029449756e-06,3.254895029449756e-06,3.254895029449756e-06,3.254895029449756e-06
54.706590432011545,27.53358059289615,20.629188276870867,18.582307478528975,14.794023912620915,7.009365059056688,5.66999335386292,4.411829897110891,4.392848241699918,4.379581508111059,4.366443606717673,4.314251912016247,4.262655817175866,3.8045054662255215,3.1612949827929353,3.1549231860122378,3.0784073525551667,3.0572617734623213,2.985450396280806,1.980783994088241,1.7528545276268062,0.6483098637540008,0.3434282128355984,0.33817042451761875,0.13047809845233727,0.12795965169998805,0.11851886415184565,0.10930775844152334,0.10883903608241788,0.10675305478928399,0.10389912487656408,0.1023355996254949,0.10101976010152919,0.05150943319975008,0.01924405687580336,0.01915921626945492,0.01910959591572203,0.017674405872610547,0.012562199246849167,0.0020781135722143774,0.0018658526674524723,0.001366325214004469,0.0012013660124975977,0.0008922263494429572,0.0007472865990603417,0.0005458734598414416,0.00048319336846853745,0.00039852469842523776,0.0002560441609950459,0.00023319401141350227,0.0001548983343492516,0.00011439256328449332,8.765185249572483e-05,8.176141636289103e-05,6.671498156409328e-05,5.5108555866709705e-05,5.391628676806093e-05,4.481676456411066e-05,3.570280946176396e-05,3.1515435275437654e-05,2.8365334814797195e-05,1.866779592150536e-05,1.651229805714749e-05,1.0968248141782765e-05,7.555848590907743e-06,6.839859565932471e-06,5.136797619424982e-06,3.879894818226148e-06,3.422439488769413e-06,2.9147844698407254e-06,2.32492502103554e-06,1.5599903234786437e-06,2.1021670340459764e-07,2.1021670340459764e-07,2.1021670340459764e-07,2.1021670340459764e-07,-8.094818362280876e-08,-7.122236302592455e-07,-8.239203080329104e-07,-8.239203080329104e-07
64.10968905210112,30.13200346123632,22.08824702636295,20.248397890849738,18.59476014276679,15.54602332671619,8.25276204273187,6.9193128854776305,6.099810726580341,5.027121949851425,5.014194417420273,5.001482166728054,4.945267189778218,4.889752429274783,4.878873954193523,4.50944839550739,3.2421999732229465,2.662889714113702,1.4479149123536776,0.7897340420783049,0.7834467232032573,0.7562269075512856,0.5475508215087792,0.21390526743513721,0.208851165097896,0.1981369269534595,0.18777031742616995,0.18491860262337598,0.18085855644762278,0.07901741524948794,0.07620633046463754,0.07367885698214213,0.07183391922304815,0.029371693025773256,0.0060790213235506485,0.004562982890923149,0.004507497829025287,0.004359161368236446,0.0035457665913370385,0.003522002159777049,0.0035025160916395846,0.0033717285750677916,0.0030516357243355508,0.002380190611028006,0.0022191746829103385,0.002075491207763136,0.001983978914988551,0.000999162838179064,0.0009563170827437694,0.0006938189817007334,0.000537830036107394,0.0005065367401706133,0.0004907975340515591,0.0004098851395134595,0.00020295242210080389,0.0001949767698982363,0.00017700990365220547,0.00016600463358777516,0.00015786080824542025,0.000111711213222776,9.201618462816086e-05,8.067770611308589e-05,5.3765684355600026e-05,5.184738629408159e-05,3.7427833981418246e-05,2.5020079229616243e-05,1.6582579851771584e-05,1.1450802758634637e-05,8.954567883563414e-06,6.994227373109396e-06,5.363956369688338e-06,4.786647121921561e-06,4.1911395810423354e-06,2.253389209521117e-06,1.8793934415128888e-06,1.7676956490575434e-06,1.7676956490575434e-06,1.7676956490575434e-06,1.7676956490575434e-06,1.7676956490575434e-06,1.3867977720849468e-07,-3.859184032606322e-07,-7.366964665500574e-07,-7.366964665500574e-07,-7.366964665500574e-07,-1.658508119746216e-06,-1.658508119746216e-06,-1.658508119746216e-06,-1.658508119746216e-06,-1.658508119746216e-06,-1.658508119746216e-06,-1.658508119746216e-06,-1.658508119746216e-06,-1.658508119746216e-06,-1.658508119746216e-06,-1.658508119746216e-06,-1.658508119746216e-06,-1.658508119746216e-06,-1.8492713984663567e-06,-1.8492713984663567e-06
73.94963780989342,33.01548148138591,24.17762839929262,22.230954260576958,20.432474380699524,19.203830936490895,16.935056258023803,10.709529783967175,9.166112297404885,7.3987431497226455,6.336142137157229,4.41175329006176,3.520884544993608,1.680704076671177,0.8148867745285286,0.7613472761984531,0.7089286418764619,0.699240941066703,0.6899706140988534,0.6584815241220574,0.6509461123302418,0.6460756194185869,0.56534769536869,0.5535270121386866,0.4295855937408964,0.4178699192903102,0.41409405231267293,0.06606531266364644,0.061275481770074726,0.05652357067858807,0.05308054253652649,0.052425531282240936,0.05215389851865398,0.05177568694650317,0.0508299584680411,0.05072460518733319,0.024412869923200835,0.023490504268750847,0.0065913706872700395,0.005850949675743493,0.005497819050015451,0.005347541699911478,0.0038444914702271582,0.003837755777664249,0.0024374132465318785,0.0023948009255047075,0.0022200626082404537,0.001741253652894823,0.0015061369515739819,0.001300877802745255,0.001248311917163054,0.0005596184380122792,0.00029426830350459454,0.00027556976131830167,0.00024626943596880226,0.00022243974425515845,0.00013797878065211934,0.00010123305048727716,8.289281492434242e-05,7.311746456167611e-05,5.9871983054549104e-05,5.23475116382599e-05,4.470255650851129e-05,3.8259283964201526e-05,3.1687999146363664e-05,2.514369742796063e-05,2.2554591734014196e-05,2.154681025622551e-05,1.5416665172089948e-05,1.3874873141723753e-05,5.827685127641757e-06,5.222765214654146e-06,5.222765214654146e-06,5.222765214654146e-06,5.222765214654146e-06,5.222765214654146e-06,5.222765214654146e-06,1.2424687881207319e-06,1.0830815693374518e-06,1.367970798504814e-07,-9.600976248691495e-08,-9.600976248691495e-08,-9.600976248691495e-08,-9.600976248691495e-08,-9.600976248691495e-08,-9.600976248691495e-08,-9.600976248691495e-08,-9.600976248691495e-08,-9.600976248691495e-08,-9.600976248691495e-08,-9.600976248691495e-08,-1.4664919388174269e-06,-1.6196034997406628e-06,-1.6196034997406628e-06,-1.6196034997406628e-06,-1.6196034997406628e-06,-1.6196034997406628e-06,-1.6196034997406628e-06,-1.6196034997406628e-06,-1.6196034997406628e-06,-1.6196034997406628e-06,-1.6196034997406628e-06,-1.6196034997406628e-06,-1.6196034997406628e-06,-1.6196034997406628e-06,-1.6196034997406628e-06,-1.6196034997406628e-06,-1.6196034997406628e-06,-1.6196034997406628e-06,-1.6196034997406628e-06,-1.6196034997406628e-06,-1.6196034997406628e-06,-1.6196034997406628e-06,-1.6196034997406628e-06
83.33613588887629,36.45294734635315,27.29556154688391,25.182428664428574,23.23534171763169,17.56250485428719,13.019714442215058,10.349278147259296,8.989543907600305,6.495625787844096,5.25969167141134,5.204894976249332,4.167023435619263,1.4998926261452337,1.4466679803299483,1.2350127993471007,1.2269477471523638,1.2193162416168288,1.1822817409747775,1.1748036258667698,1.0528898987297262,0.32016945428350063,0.31772297477129274,0.3036261289113002,0.29031206036042895,0.2834734105719003,0.2784026616497852,0.27557283753320183,0.2709352788441334,0.16639148282492253,0.0411102182523921,0.039067210726967026,0.038058385490234645,0.03776483003792609,0.037611716969953225,0.03631657460796785,0.016409933060790055,0.015669595507710278,0.014714379078377852,0.01465301864081134,0.013808990079423432,0.013519490223632963,0.013096062790747957,0.006538700008233711,0.0061240708927277334,0.0021645474265289087,0.0020049879481828015,0.0014970091911390248,0.0014959054010134309,0.001399135829135325,0.0013731330699446786,0.00045595127608933695,0.00011570405873566614,7.55045130221177e-05,6.783508617075994e-05,5.929593005303602e-05,5.7456069911996365e-05,4.888114588851522e-05,4.1266312801813146e-05,3.426204549080935e-05,3.116528366325255e-05,2.439382319458616e-05,1.9256399124056857e-05,1.762801081799381e-05,1.5645079053925315e-05,1.3903738938516596e-05,1.3077935933125672e-05,1.2678839763040628e-05,1.1713729414655205e-05,1.1322790485106537e-05,8.55986355929872e-06,7.061997789907792e-06,6.382404236475736e-06,3.1783375769656176e-06,2.4667415124923763e-06,1.565009735084999e-06,9.92721013606257e-07,3.539158922194474e-07,3.539158922194474e-07,-8.9922262894504e-07,-8.9922262894504e-07,-8.9922262894504e-07,-1.307731171138471e-06,-1.307731171138471e-06,-1.307731171138471e-06
90.57236165065822,40.02575960577052,30.996285223190174,28.627657364616827,26.453011473422816,19.398271382757258,13.499845893666029,10.64323062656436,9.27293623572406,6.648734259471642,5.419618477190878,4.842627849585264,3.3596526564686413,3.3047543442193255,3.2512567993241652,3.2086627608856793,2.2361817739275387,1.8232170971695172,1.815485541439107,1.8093577776505596,1.803636767097129,0.6318091325056491,0.6181521385263061,0.6052989817176486,0.5962870432881252,0.21581013365263307,0.2082211048972917,0.2069808853473059,0.20284482763107745,0.1992189876270892,0.19605908634783906,0.19394342069476445,0.037079953073907886,0.03674770347132993,0.031261579952436024,0.03009731923408756,0.0028471333518491626,0.0027461149099111105,0.002660469206884173,0.0022783965657740346,0.001721963368562367,0.0014450902690334288,0.0012652961034480548,0.0011972438995796076,0.0011538327575317986,0.0010908709147586571,0.0009819477288637657,0.0008430044643143652,0.00059699983658426,0.0005798782256536228,0.00021557604053340284,0.00011574108177299536,0.00010443084148892723,8.932855890858349e-05,8.711721326267962e-05,8.49341058477826e-05,7.596510618050445e-05,7.314319364422061e-05,6.253890133255169e-05,6.083395668868618e-05,4.903739639305016e-05,1.0399096134552365e-05,7.412775853197217e-06,6.921435315341285e-06,4.139683645316694e-06,3.2530123320917424e-06,2.6650355806445703e-06,2.0908630471261347e-06,1.991716570390878e-06,1.578815067695416e-06,1.398092841551346e-06,1.2223900270136312e-06,1.0548444530122935e-06,1.0548444530122935e-06,1.0548444530122935e-06,1.7570281453771487e-07,1.7570281453771487e-07,1.7570281453771487e-07,1.7570281453771487e-07,1.7570281453771487e-07,1.7570281453771487e-07,1.7570281453771487e-07,1.7570281453771487e-07,1.7570281453771487e-07,1.7570281453771487e-07,1.7570281453771487e-07,1.7570281453771487e-07,1.7570281453771487e-07,1.7570281453771487e-07,1.7570281453771487e-07,1.7570281453771487e-07,1.7570281453771487e-07,1.7570281453771487e-07,1.7570281453771487e-07,1.7570281453771487e-07,1.7570281453771487e-07,1.7570281453771487e-07,1.7570281453771487e-07,1.7570281453771487e-07,1.7570281453771487e-07,1.7570281453771487e-07,1.7570281453771487e-07,1.7570281453771487e-07,1.7570281453771487e-07,1.7570281453771487e-07,1.7570281453771487e-07,1.7570281453771487e-07,1.7570281453771487e-07,1.7570281453771487e-07,1.7570281453771487e-07,1.7570281453771487e-07,1.7570281453771487e-07,1.7570281453771487e-07,1.7570281453771487e-07,1.7570281453771487e-07,1.7570281453771487e-07,1.7570281453771487e-07,1.7570281453771487e-07,1.7570281453771487e-07,1.7570281453771487e-07,1.7570281453771487e-07,1.7570281453771487e-07,1.7570281453771487e-07,1.7570281453771487e-07,1.7570281453771487e-07,1.7570281453771487e-07,1.7570281453771487e-07,1.7570281453771487e-07,1.7570281453771487e-07,1.7570281453771487e-07,1.7570281453771487e-07,1.7570281453771487e-07,1.7570281453771487e-07,1.7570281453771487e-07,1.7570281453771487e-07,1.7570281453771487e-07,1.7570281453771487e-07,1.7570281453771487e-07,1.7570281453771487e-07,1.7570281453771487e-07
93.84743162303202,42.85565396469328,34.27174652523293,31.52101497876536,29.008160228066952,20.814134240812976,13.756974841190662,10.685990914992361,7.898963560104354,6.431676202329397,5.16314702460409,4.163399501991816,2.6361968248833985,2.58062892620566,2.5264338480979722,2.4811857605063268,2.018193719982162,2.010743024550931,2.0050741544313784,1.9998025721884407,1.3305044009179565,0.7685319707696494,0.7562338835792509,0.7446914345185808,0.36886636758252145,0.35976295011786597,0.3547623179082475,0.35073682808070106,0.11469671203723748,0.11402309323000183,0.11101904661064299,0.10776505146148438,0.10583338617404037,0.10537682119323172,0.013574736205259992,0.013235563284669336,0.012484595712424705,0.01187850639357439,0.011821444399306191,0.008409237664953544,0.005840932106166381,0.005697306362612764,0.00551205662608508,0.005237819695225312,0.0002303200153757068,0.0002174165282402285,0.00019919175474978346,0.00018600149457309812,0.0001603695933215299,0.00014124999127732352,0.00013452684891545274,0.00011440197565660171,8.550451298658501e-05,7.85002467902629e-05,5.977346525828153e-05,3.526041459648965e-05,2.8808984811643512e-05,2.795494357524575e-05,2.5598016043169026e-05,1.6805973207318914e-05,9.240712244302785e-06,5.571661695267238e-06,3.87863968665414e-06,1.6974149691151296e-06,1.6917679917227701e-06,7.774848985953042e-07,-1.2299174724006433e-07,-1.2299174724006433e-07,-1.2299174724006433e-07,-4.2607926951987453e-07,-4.2607926951987453e-07,-4.2607926951987453e-07,-7.191257392236138e-07,-7.191257392236138e-07,-7.191257392236138e-07,-7.191257392236138e-07,-7.191257392236138e-07,-7.191257392236138e-07,-9.312240253045445e-07,-1.2681967559835528e-06,-1.2681967559835528e-06
92.24821926240465,44.353360686108765,36.371078025539816,33.066309015157124,30.06813925912333,21.13074926070918,13.237861380438188,10.14579997002204,7.360614278544673,6.060247911592326,4.949147545327823,3.9811677829820007,2.2911067942575665,2.2346375646898844,2.17948507951466,2.131442601414694,2.1238927098298235,1.792006595276832,1.7864598109938008,1.781305826007258,1.2595163124636048,0.4434294030962973,0.431972241430916,0.42117902111263816,0.4122579072250953,0.2456377239882968,0.2410785337683504,0.2373396227375814,0.09778346387254898,0.09579171889449548,0.09312300608822642,0.09276302368252656,0.09129963522149381,0.09093734483281977,0.04890030121276324,0.0027823479645307358,0.002154606413289599,0.001537385067232897,0.0009926084965227666,0.000833293120088463,0.0008232736678139929,0.0007662625019157332,0.00018367970738099258,0.0001816290052001257,0.00015951868991406215,0.00015544928806336954,0.0001367846299707942,4.755647378519967e-05,3.74240697013839e-05,3.35736682457366e-05,3.314821654200273e-05,2.306350299919657e-05,2.2877760246764466e-05,2.165850804868086e-05,2.1229290950230962e-05,2.0905495986376367e-05,7.430974146309666e-06,5.078438460053292e-06,4.265185655700776e-06,3.825301053570484e-06,3.2222638379408864e-06,1.7978165774223953e-06,1.4382537078105882e-06,9.161646758037989e-07,8.847897305486185e-08,-7.153581151442267e-08,-1.5311156092323586e-07,-1.5311156092323586e-07,-6.30646766168752e-07,-7.906626654197169e-07,-7.906626654197169e-07,-8.960836853333376e-07,-8.960836853333376e-07
86.03359973857808,44.42034678310153,37.02370191323813,32.951911152246765,29.292031006836083,20.10015431411662,11.84664895002165,8.936175426452328,6.3231549153479465,4.795629272647891,3.995378606619963,3.295003843462046,1.531282948559038,1.4736767587212019,1.417310715014843,1.3665739700188255,1.0267569843624755,1.0199649717452273,1.0144485156466698,1.009321201717802,0.8442572457918407,0.2736641755069003,0.26411751258901794,0.25514280809348294,0.24765485613812427,0.2436620288324447,0.24049344281630533,0.14809120914642027,0.14639784015300564,0.145304646197038,0.14498719767333015,0.1442046556801996,0.09494566849672349,0.049798477610400606,0.012673461160868342,0.01250810537345453,0.012168323768670853,0.011432272736254134,0.000886158326683546,0.0007802459339063005,0.00041693019414182684,0.00030043923702077535,0.0002932944083498867,0.00026871421372240076,0.0002515894660775153,0.00024870668523339744,0.00023564004436973818,0.00017049446661591362,9.961721238225251e-05,8.61621428521886e-05,6.239645616062717e-05,5.9651099962145795e-05,5.706450341666169e-05,5.677522234167398e-05,5.648970443203893e-05,5.5409759576949825e-05,5.233433387143549e-05,5.191139131616396e-05,8.24987392805454e-06,7.051329171545717e-06,5.784386432452493e-06,5.404743687051905e-06,4.0035130165705365e-06,1.8411141579299793e-06,8.427450522496826e-07,2.415905339780977e-07,-6.651606550356348e-07,-6.651606550356348e-07,-9.19302504733821e-07,-9.19302504733821e-07
76.53925216787755,68.57258039109874,61.85786741346011,33.49435273274151,9.372282296132802,4.743642730418027,3.020694595832517,1.2798253680152836,1.2219236579916681,1.1650894755099945,1.1136970817108165,0.9656418452015082,0.9597378652838588,0.9542581053433424,0.9490423696078696,0.380964890276419,0.3198358643196747,0.3151923505607709,0.31086058502404035,0.30681777717530717,0.11149522880857689,0.028858169589018965,0.027507158129429818,0.026254419755580242,0.024852952099314915,0.022949152020226845,0.02240595363590394,0.021981257378697164,0.02151372352218095,0.002480575895936745,0.002379248718384339,0.002143908622593269,0.00205342732788651,0.0011868184479114064,0.001155414710428424,0.0010774898913032515,0.0010714557548669212,0.0010369740803005988,0.0008968404293499077,0.0008817431661811703,0.0006103507391113005,0.000607296020847361,0.0006070858041439564,0.00032852972254429955,0.0003215179266732271,0.0003130785445980244,0.00030647337345710566,0.0002786665231458585,0.0002759676023568147,0.0002642187326021883,0.0002606833413040732,6.697037743068179e-05,3.9013551158078027e-05,2.4887046429800106e-05,2.228601810060127e-05,1.0404115546158722e-05,1.0030119778150493e-05,6.849271938040857e-06,6.6503514187843394e-06,6.0303710416143015e-06,3.562374397549917e-06,3.544803670223473e-06,3.544803670223473e-06,3.544803670223473e-06,3.3816510567241662e-06,3.2228914037268906e-06,3.2228914037268906e-06,3.2228914037268906e-06,3.2228914037268906e-06,3.2228914037268906e-06,3.2228914037268906e-06,3.2228914037268906e-06,3.2228914037268906e-06,2.668172294892912e-06,2.668172294892912e-06
65.8669030203362,56.649829940550106,48.99552762357342,25.665333167282938,9.184361896512767,3.663938319724898,2.154960724908306,0.8193022072283679,0.7601994593790645,0.7020993545379078,0.6481172746601288,0.6421383141989573,0.6365870030587459,0.6312682803813546,0.5306158727924785,0.190786770545149,0.16730682915159734,0.1636941160292148,0.16032752487933222,0.15720445216224255,0.15512110139191512,0.11076225508456304,0.10877317639722175,0.023681599889813967,0.0058232840143579165,0.005266926745918265,0.004200430203158873,0.002976822726387436,0.002772860013660381,0.0023119068554487933,0.0018506355492507432,0.001520609842519729,0.001399342279329332,0.0006939695841131943,0.0006661664980819814,0.0006632303786047799,0.0006440091198206943,0.0006230251859138392,0.0006168435848939779,0.0006166829425436227,0.0002627811075748454,0.00025525914530701856,0.0002505565853123315,4.6324670271395975e-05,4.47408357920942e-05,4.264746248182405e-05,4.163905343824936e-05,2.9482930273001528e-05,2.5636920663174576e-05,1.980233342656845e-05,1.800639954650407e-05,7.419050396375582e-06,4.530622574865361e-06,3.1977910016500745e-06,1.0347634625418322e-06,6.25627354562397e-07,-1.8574275243210536e-07,-4.411397337023004e-07,-8.552963679697711e-07,-8.552963679697711e-07,-1.075551894587079e-06,-1.1696789597159807e-06,-2.078940411873731e-06,-2.078940411873731e-06
